symbol,date,open,high,low,close,volume,source
0056,2026-08-12,52.50,53.05,52.50,52.70,36316524,twse/STOCK_DAY
0056,2026-08-13,53.40,53.50,52.90,53.00,44643011,twse/STOCK_DAY
0056,2026-08-14,53.35,54.00,53.30,53.40,49247717,twse/STOCK_DAY
0056,2026-08-17,53.40,53.65,52.85,53.00,26728227,twse/STOCK_DAY
0056,2026-08-18,53.10,53.20,52.40,52.70,30911033,twse/STOCK_DAY
0056,2026-08-19,51.70,52.15,51.50,52.00,29889911,twse/STOCK_DAY
0056,2026-08-20,52.35,52.55,51.75,52.05,18583817,twse/STOCK_DAY
0056,2026-08-21,52.05,52.45,51.80,52.40,13677478,twse/STOCK_DAY
0056,2026-08-24,52.50,52.70,52.15,52.30,15507700,twse/STOCK_DAY
0056,2026-08-25,52.00,52.55,51.70,52.55,20575106,twse/STOCK_DAY
0056,2026-08-26,52.45,53.30,52.40,53.25,31139381,twse/STOCK_DAY
0056,2026-08-27,53.60,54.10,53.45,53.60,37361681,twse/STOCK_DAY
0056,2026-08-28,54.00,54.45,53.75,53.85,19255570,twse/STOCK_DAY
0056,2026-08-31,53.50,54.65,53.50,54.60,56468445,twse/STOCK_DAY
0056,2026-09-01,54.80,55.15,54.60,54.85,28455930,twse/STOCK_DAY
0056,2026-09-02,54.75,55.30,54.50,55.10,33462140,twse/STOCK_DAY
0056,2026-09-03,55.50,55.80,54.50,54.50,26524720,twse/STOCK_DAY
0056,2026-09-04,55.15,55.50,54.70,55.40,22979939,twse/STOCK_DAY
0056,2026-09-07,55.95,56.10,55.70,55.85,24363427,twse/STOCK_DAY
0056,2026-09-08,55.95,55.95,55.50,55.75,17306149,twse/STOCK_DAY
0056,2026-09-09,55.80,56.00,55.70,55.75,15853609,twse/STOCK_DAY
0056,2026-09-10,55.75,55.75,55.40,55.70,14562045,twse/STOCK_DAY
0056,2026-09-11,55.05,55.65,54.75,55.30,24559073,twse/STOCK_DAY
0056,2026-09-14,54.90,55.55,54.55,55.40,18893508,twse/STOCK_DAY
0056,2026-09-15,55.20,55.25,54.85,55.00,25385973,twse/STOCK_DAY
0056,2026-09-16,55.00,55.65,55.00,55.55,17447308,twse/STOCK_DAY
0056,2026-09-17,55.95,56.55,55.95,56.30,26260542,twse/STOCK_DAY
0056,2026-09-18,57.00,57.10,56.35,56.85,19305390,twse/STOCK_DAY
0056,2026-09-21,56.85,57.25,56.70,57.15,21847416,twse/STOCK_DAY
0056,2026-09-22,57.65,57.85,56.70,56.85,38810100,twse/STOCK_DAY
0056,2026-09-23,57.10,57.15,56.55,56.60,26385848,twse/STOCK_DAY
0056,2026-09-24,56.35,56.65,56.00,56.65,23158669,twse/STOCK_DAY
0056,2026-09-29,56.50,56.90,56.30,56.55,37937287,twse/STOCK_DAY
0056,2026-09-30,56.95,57.15,56.75,56.95,31983738,twse/STOCK_DAY
2317,2026-08-12,264.50,270.50,264.00,270.00,60316168,twse/STOCK_DAY
2317,2026-08-13,274.50,274.50,261.00,262.00,96829809,twse/STOCK_DAY
2317,2026-08-14,262.00,264.50,257.50,259.50,51013887,twse/STOCK_DAY
2317,2026-08-17,259.50,261.00,255.00,255.00,35551968,twse/STOCK_DAY
2317,2026-08-18,255.00,256.50,247.50,249.00,50539577,twse/STOCK_DAY
2317,2026-08-19,245.00,247.00,242.50,245.00,36592747,twse/STOCK_DAY
2317,2026-08-20,250.50,250.50,244.00,246.50,26344428,twse/STOCK_DAY
2317,2026-08-21,245.00,247.00,243.00,245.50,25420299,twse/STOCK_DAY
2317,2026-08-24,246.00,246.50,243.50,243.50,23690554,twse/STOCK_DAY
2317,2026-08-25,242.00,243.50,238.00,243.00,36819297,twse/STOCK_DAY
2317,2026-08-26,243.00,248.00,241.50,246.50,24910439,twse/STOCK_DAY
2317,2026-08-27,248.50,256.50,248.50,252.00,42280355,twse/STOCK_DAY
2317,2026-08-28,255.50,256.50,251.00,253.00,31847341,twse/STOCK_DAY
2317,2026-08-31,249.50,251.00,246.00,250.00,35223300,twse/STOCK_DAY
2317,2026-09-01,253.00,256.00,251.00,256.00,34131729,twse/STOCK_DAY
2317,2026-09-02,253.00,255.00,250.50,251.00,29265369,twse/STOCK_DAY
2317,2026-09-03,253.50,254.50,247.50,247.50,29851493,twse/STOCK_DAY
2317,2026-09-04,252.50,256.00,251.00,256.00,49402342,twse/STOCK_DAY
2317,2026-09-07,258.50,259.00,252.50,256.00,34027046,twse/STOCK_DAY
2317,2026-09-08,256.00,256.00,250.00,251.50,40240647,twse/STOCK_DAY
2317,2026-09-09,250.50,254.00,250.50,252.00,21343799,twse/STOCK_DAY
2317,2026-09-10,250.50,252.00,247.50,251.00,40233640,twse/STOCK_DAY
2317,2026-09-11,247.50,249.50,247.00,248.00,24164352,twse/STOCK_DAY
2317,2026-09-14,244.50,249.50,243.50,248.50,25260973,twse/STOCK_DAY
2317,2026-09-15,247.50,250.00,246.50,246.50,15812094,twse/STOCK_DAY
2317,2026-09-16,247.50,248.50,246.00,248.00,19737377,twse/STOCK_DAY
2317,2026-09-17,249.50,253.50,249.50,250.50,26522419,twse/STOCK_DAY
2317,2026-09-18,252.50,253.00,249.00,250.50,44803117,twse/STOCK_DAY
2317,2026-09-21,251.50,252.00,249.00,250.00,16771284,twse/STOCK_DAY
2317,2026-09-22,252.00,254.00,250.50,253.00,38635614,twse/STOCK_DAY
2317,2026-09-23,255.00,257.00,255.00,256.00,35754545,twse/STOCK_DAY
2317,2026-09-24,253.00,253.00,249.50,250.50,34510344,twse/STOCK_DAY
2317,2026-09-29,247.00,254.00,247.00,250.50,31188879,twse/STOCK_DAY
2317,2026-09-30,253.50,254.00,251.50,251.50,27366648,twse/STOCK_DAY
2330,2026-08-12,2405.00,2415.00,2390.00,2415.00,19448153,twse/STOCK_DAY
2330,2026-08-13,2440.00,2445.00,2425.00,2435.00,26233385,twse/STOCK_DAY
2330,2026-08-14,2435.00,2440.00,2395.00,2395.00,21162682,twse/STOCK_DAY
2330,2026-08-17,2410.00,2420.00,2390.00,2400.00,13482456,twse/STOCK_DAY
2330,2026-08-18,2415.00,2415.00,2375.00,2380.00,19997213,twse/STOCK_DAY
2330,2026-08-19,2340.00,2355.00,2335.00,2350.00,23618612,twse/STOCK_DAY
2330,2026-08-20,2365.00,2375.00,2350.00,2375.00,16967737,twse/STOCK_DAY
2330,2026-08-21,2375.00,2410.00,2365.00,2410.00,18922480,twse/STOCK_DAY
2330,2026-08-24,2410.00,2410.00,2375.00,2375.00,13073210,twse/STOCK_DAY
2330,2026-08-25,2355.00,2400.00,2350.00,2400.00,13538447,twse/STOCK_DAY
2330,2026-08-26,2375.00,2425.00,2375.00,2415.00,19467241,twse/STOCK_DAY
2330,2026-08-27,2430.00,2435.00,2410.00,2410.00,19214481,twse/STOCK_DAY
2330,2026-08-28,2440.00,2445.00,2410.00,2420.00,15025832,twse/STOCK_DAY
2330,2026-08-31,2395.00,2405.00,2375.00,2405.00,32792740,twse/STOCK_DAY
2330,2026-09-01,2395.00,2440.00,2390.00,2440.00,31855287,twse/STOCK_DAY
2330,2026-09-02,2415.00,2420.00,2385.00,2385.00,25151394,twse/STOCK_DAY
2330,2026-09-03,2385.00,2400.00,2380.00,2390.00,14252351,twse/STOCK_DAY
2330,2026-09-04,2415.00,2415.00,2390.00,2410.00,14102018,twse/STOCK_DAY
2330,2026-09-07,2435.00,2460.00,2430.00,2460.00,26898329,twse/STOCK_DAY
2330,2026-09-08,2465.00,2505.00,2460.00,2470.00,28931697,twse/STOCK_DAY
2330,2026-09-09,2480.00,2490.00,2460.00,2465.00,17798845,twse/STOCK_DAY
2330,2026-09-10,2445.00,2455.00,2435.00,2450.00,19835796,twse/STOCK_DAY
2330,2026-09-11,2430.00,2430.00,2405.00,2410.00,21131357,twse/STOCK_DAY
2330,2026-09-14,2385.00,2395.00,2380.00,2380.00,21520958,twse/STOCK_DAY
2330,2026-09-15,2405.00,2405.00,2380.00,2385.00,15215752,twse/STOCK_DAY
2330,2026-09-16,2375.00,2395.00,2375.00,2380.00,20919285,twse/STOCK_DAY
2330,2026-09-17,2405.00,2445.00,2400.00,2425.00,18116974,twse/STOCK_DAY
2330,2026-09-18,2460.00,2460.00,2435.00,2460.00,40892688,twse/STOCK_DAY
2330,2026-09-21,2445.00,2485.00,2445.00,2480.00,16086510,twse/STOCK_DAY
2330,2026-09-22,2505.00,2510.00,2460.00,2460.00,22009927,twse/STOCK_DAY
2330,2026-09-23,2475.00,2505.00,2475.00,2500.00,22817873,twse/STOCK_DAY
2330,2026-09-24,2480.00,2490.00,2470.00,2475.00,14557662,twse/STOCK_DAY
2330,2026-09-29,2475.00,2495.00,2475.00,2475.00,26893348,twse/STOCK_DAY
2330,2026-09-30,2495.00,2510.00,2480.00,2480.00,34282491,twse/STOCK_DAY
2454,2026-08-12,3950.00,4030.00,3950.00,4015.00,6018155,twse/STOCK_DAY
2454,2026-08-13,4130.00,4295.00,4115.00,4225.00,12263926,twse/STOCK_DAY
2454,2026-08-14,4400.00,4400.00,4205.00,4210.00,10696134,twse/STOCK_DAY
2454,2026-08-17,4205.00,4225.00,4025.00,4050.00,10559715,twse/STOCK_DAY
2454,2026-08-18,4020.00,4050.00,3885.00,3885.00,9323808,twse/STOCK_DAY
2454,2026-08-19,3750.00,3910.00,3750.00,3845.00,7036521,twse/STOCK_DAY
2454,2026-08-20,3820.00,3870.00,3675.00,3700.00,13213952,twse/STOCK_DAY
2454,2026-08-21,3725.00,3810.00,3695.00,3790.00,6657464,twse/STOCK_DAY
2454,2026-08-24,3820.00,3825.00,3745.00,3765.00,3321459,twse/STOCK_DAY
2454,2026-08-25,3725.00,3735.00,3655.00,3735.00,5403340,twse/STOCK_DAY
2454,2026-08-26,3730.00,3965.00,3710.00,3945.00,8370053,twse/STOCK_DAY
2454,2026-08-27,4005.00,4005.00,3865.00,3865.00,5702912,twse/STOCK_DAY
2454,2026-08-28,3935.00,4000.00,3925.00,3985.00,5064877,twse/STOCK_DAY
2454,2026-08-31,3885.00,3945.00,3820.00,3925.00,7222243,twse/STOCK_DAY
2454,2026-09-01,4315.00,4315.00,4315.00,4315.00,4931652,twse/STOCK_DAY
2454,2026-09-02,4450.00,4565.00,4230.00,4275.00,23567252,twse/STOCK_DAY
2454,2026-09-03,4400.00,4420.00,4290.00,4340.00,9510164,twse/STOCK_DAY
2454,2026-09-04,4435.00,4490.00,4340.00,4415.00,9051589,twse/STOCK_DAY
2454,2026-09-07,4500.00,4855.00,4485.00,4760.00,17178200,twse/STOCK_DAY
2454,2026-09-08,4800.00,4830.00,4685.00,4710.00,6511906,twse/STOCK_DAY
2454,2026-09-09,4780.00,4780.00,4625.00,4625.00,5400794,twse/STOCK_DAY
2454,2026-09-10,4560.00,4730.00,4520.00,4720.00,6662243,twse/STOCK_DAY
2454,2026-09-11,4635.00,4655.00,4535.00,4585.00,7591878,twse/STOCK_DAY
2454,2026-09-14,4475.00,4650.00,4435.00,4560.00,6122500,twse/STOCK_DAY
2454,2026-09-15,4505.00,4575.00,4430.00,4430.00,6209254,twse/STOCK_DAY
2454,2026-09-16,4435.00,4625.00,4435.00,4530.00,6640865,twse/STOCK_DAY
2454,2026-09-17,4565.00,4700.00,4500.00,4500.00,6495763,twse/STOCK_DAY
2454,2026-09-18,4600.00,4735.00,4545.00,4710.00,10365174,twse/STOCK_DAY
2454,2026-09-21,4800.00,5035.00,4780.00,5010.00,11237165,twse/STOCK_DAY
2454,2026-09-22,5280.00,5480.00,5150.00,5180.00,12131543,twse/STOCK_DAY
2454,2026-09-23,5220.00,5265.00,5140.00,5185.00,6430491,twse/STOCK_DAY
2454,2026-09-24,5105.00,5360.00,5105.00,5285.00,7817443,twse/STOCK_DAY
2454,2026-09-29,5150.00,5195.00,4890.00,4910.00,13758267,twse/STOCK_DAY
2454,2026-09-30,5010.00,5100.00,4920.00,4920.00,8292336,twse/STOCK_DAY
