date,symbol,currencyCode,minorUnit,priceMinor,realizedForwardReturn,futureLabel,researchNote
2024-01-01,SYNTH,TWD,0.01,10000,0.05,WIN,"future, label"
2024-01-02,SYNTH,TWD,0.01,10000,0.05,WIN,"future, label"
2024-01-03,SYNTH,TWD,0.01,11000,0.05,WIN,"future, label"
2024-01-04,SYNTH,TWD,0.01,12000,0.05,WIN,"future, label"
2024-01-05,SYNTH,TWD,0.01,10000,-0.01,LOSS,"future, label"
2024-01-06,SYNTH,TWD,0.01,10100,-0.01,LOSS,"future, label"
2024-01-07,SYNTH,TWD,0.01,11000,-0.01,LOSS,"future, label"
2024-01-08,SYNTH,TWD,0.01,10100,-0.01,LOSS,"future, label"
2024-01-09,SYNTH,TWD,0.01,10000,0.00,BREAKEVEN,"future, label"
2024-01-10,SYNTH,TWD,0.01,10000,0.00,BREAKEVEN,"future, label"
2024-01-11,SYNTH,TWD,0.01,11000,0.00,BREAKEVEN,"future, label"
2024-01-12,SYNTH,TWD,0.01,10264,0.00,BREAKEVEN,"future, label"
2024-01-13,SYNTH,TWD,0.01,10000,0.03,OPEN,"future, label"
2024-01-14,SYNTH,TWD,0.01,10000,0.03,OPEN,"future, label"
2024-01-15,SYNTH,TWD,0.01,10500,0.03,OPEN,"future, label"
